method,time_mean,time_std,psnr,ssim
bm3dornl (streak),0.4048576850198151,0.0073687297089261704,39.52478332401117,0.8818451026713959
bm3dornl (generic),0.399721411700084,0.0062800056805719425,35.33893285666531,0.8186605386074444
bm3dornl (multiscale),0.815874272540168,0.018643598471879314,34.751326061207,0.9506138475592218
Fourier-SVD,0.015483423319965368,0.00040254989178786934,34.71503392579776,0.9509993382934957
TomoPy FW (Münch),2.067667598759945,0.03307642563490692,20.627519908380965,0.5839516894876905
TomoPy SF (Vo),2.0015316953599176,0.0335289648912907,42.00531293161503,0.9868279509588168
TomoPy BSD (sort),2.090496424239827,0.030403297049799865,42.85700569659795,0.9829167671439403
