method,time_mean,time_std,psnr,ssim
bm3dornl (streak),0.19082181525106232,0.005784441615705419,32.627397773513,0.616014518594865
bm3dornl (generic),0.18359002914900582,0.006727633468754076,32.92834373763248,0.5759543905310609
TomoPy FW (Münch),2.103903845845101,0.04792288739121718,20.613824505010385,0.5831408725074374
TomoPy SF (Vo),2.0622022638019795,0.03842554884940535,34.5033152321855,0.9590791790708972
TomoPy BSD (sort),2.1333016832048695,0.040240986679178005,34.69191598802081,0.9332869568415043
