method,time_mean,time_std,psnr,ssim
bm3dornl (streak),0.25623823079901437,0.008887744144703695,32.62741164333346,0.6160145343329586
bm3dornl (generic),0.219367201688389,0.0024354109378199903,32.928347064358974,0.575954382592978
TomoPy FW (Münch),0.3180104694950084,0.007749481194464403,20.613824478378394,0.5831408706635308
TomoPy SF (Vo),0.2776566919560234,0.008211852700953905,34.5033152321855,0.9590791790708785
TomoPy BSD (sort),0.3486878801913311,0.009072284179210858,34.69191598802081,0.9332869568414959
