method,time_mean,time_std,psnr,ssim
bm3dornl (streak),0.26571608303735655,0.011852176341502546,32.62741164333346,0.6160145343329586
bm3dornl (generic),0.22769891020531455,0.007978694024235828,32.928347064358974,0.575954382592978
TomoPy FW (Münch),0.3501184731721878,0.0,20.613824478378394,0.5831408706635308
TomoPy SF (Vo),0.2568278149701655,0.0,34.5033152321855,0.9590791790708785
TomoPy BSD (sort),0.32214561477303505,0.0,34.69191598802081,0.9332869568414959
