method,time_mean,time_std,psnr,ssim
bm3dornl (streak),0.0782016610680148,0.006315706388012966,39.39777744732697,0.943061426793686
bm3dornl (generic),0.0743956802249886,0.007268727078147873,35.10115676760891,0.9476154954975633
bm3dornl (multiscale),0.4748762758867815,0.01818994109246709,34.71503392579776,0.9509993382933223
Fourier-SVD,0.017071048023644834,0.0005269607168290305,34.71503392579776,0.9509993382935147
TomoPy FW (Münch),0.3165895326202735,0.011373212904183569,20.627519654616076,0.5839516706387443
TomoPy SF (Vo),0.2759778355876915,0.008478338030120713,42.00531293161503,0.9868279509588278
TomoPy BSD (sort),0.345980092107784,0.01051509724935214,42.85700569659795,0.9829167671439957
